well_index,group_id,num_replicates,RGB_R_mean,RGB_R_std,RGB_G_mean,RGB_G_std,RGB_B_mean,RGB_B_std,LAB_L_mean,LAB_L_std,LAB_A_mean,LAB_A_std,LAB_B_mean,LAB_B_std,HSV_H_mean,HSV_H_std,HSV_S_mean,HSV_S_std,HSV_V_mean,HSV_V_std
3,1,1,0.0,0.0,203.0,0.0,254.0,0.0,76.07843137254902,0.0,-24.0,0.0,-37.0,0.0,192.00001525878906,0.0,100.0,0.0,100.0,0.0
7,2,1,1.0,0.0,207.0,0.0,255.0,0.0,77.25490196078431,0.0,-26.0,0.0,-35.0,0.0,192.00001525878906,0.0,99.60784149169922,0.0,100.0,0.0
11,2,1,0.0,0.0,211.0,0.0,255.0,0.0,78.43137254901961,0.0,-28.0,0.0,-34.0,0.0,190.00003051757812,0.0,100.0,0.0,100.0,0.0
23,4,1,223.0,0.0,233.0,0.0,235.0,0.0,91.76470588235294,0.0,-4.0,0.0,-4.0,0.0,196.00003051757812,0.0,8.235294342041016,0.0,93.72549438476562,0.0
