target_volume_ml,mean_vol_ml,std_vol_ml,n,cv_percent
0.15,0.138,0.015620499351813302,3,11.319202428850218
