color_space,channel,f_stat,p_value
RGB,R,41.110693637934936,9.674277778161732e-09
RGB,G,220.83219507276505,1.7047057851542474e-15
RGB,B,118.59974092502864,6.57944609329458e-13
LAB,L,100.64933996815549,3.076348537315922e-12
LAB,A,208.2167659082925,3.0134441835844936e-15
LAB,B,162.3615764293324,3.309657017503871e-14
HSV,H,40.310718863677764,1.1439667078907659e-08
HSV,S,321.31816272388016,4.4128337781258734e-17
HSV,V,18.43311570978274,5.630539166552861e-06
