well,R_volume_ml,Y_volume_ml,B_volume_ml,Water_volume_ml,measured_R,measured_G,measured_B,output
1,0.8,0.05,0.15,0.0,86.63,34.75,131.72,101.72829241893437
2,0.15,0.4,0.45,0.0,0.11,161.09,107.94,92.34268362244883
3,0.0,0.5,0.5,0.0,0.09,193.32,113.64,125.06638276282139
4,0.65,0.35,0.0,0.0,254.68,102.22,101.32,256.3611911790607
5,0.0,0.8,0.2,0.0,0.45,229.53,41.38,166.70247017955688
Target,,,,,0.5252777777777777,70.34388888888888,90.87305555555555,
