well,metal_salt,metal_salt_volume_ml,HCl_volume_ml,citric_acid_volume_ml,ascorbic_acid_volume_ml,PVA_1_volume_ml,PVA_2_volume_ml,PVA_3_volume_ml,NaOH_volume_ml,Water_volume_ml,HCl,citric_acid,ascorbic_acid,PVA_1,PVA_2,PVA_3,NaOH,Water,measured_R,measured_G,measured_B,output
1,CuSO4,0.2,0.05,0.05,0.25,0.05,0.05,0.1,0.1,0.15,50.0,50.0,250.0,50.0,50.0,100.0,100.0,150.0,12.035158932831644,245.16123800872262,173.18645492148852,219.6822817395704
2,CuSO4,0.2,0.05,0.15,0.1,0.05,0.25,0.1,0.05,0.05,50.0,150.0,100.0,50.0,250.0,100.0,50.0,50.0,161.00087429906102,68.99261040443781,63.44190612849015,89.8153915644531
3,CuSO4,0.2,0.1,0.05,0.05,0.15,0.1,0.2,0.1,0.05,100.0,50.0,50.0,150.0,100.0,200.0,100.0,50.0,240.22484596959185,76.0594758297013,197.75385066334485,169.31320967541924
4,CuSO4,0.2,0.05,0.3,0.1,0.05,0.1,0.05,0.05,0.1,50.0,300.0,100.0,50.0,100.0,50.0,50.0,100.0,100.24605854280519,35.509788050099516,2.7324009123165323,116.77412706331933
5,CuSO4,0.2,0.15,0.05,0.1,0.1,0.15,0.1,0.05,0.1,150.0,50.0,100.0,100.0,150.0,100.0,50.0,100.0,138.78562093888897,248.82359872997782,94.12972942134714,206.96572795500342
6,CuSO4,0.2,0.1,0.05,0.2,0.05,0.1,0.1,0.1,0.1,100.0,50.0,200.0,50.0,100.0,100.0,100.0,100.0,91.08404516822644,87.74336255160773,132.7386785127389,41.830200998358045
7,CuSO4,0.2,0.05,0.05,0.3,0.05,0.05,0.1,0.05,0.15,50.0,50.0,300.0,50.0,50.0,100.0,50.0,150.0,112.36954527319486,224.3782298153887,128.90780188949003,177.28836823579948
Reference,,,,,,,,,,,,,,,,,,,93.13941919245634,48.43928331883334,118.5707390419708,
