well,R_volume,Y_volume,B_volume,Water_volume,R,Y,B,Water,measured_R,measured_G,measured_B,output
1,30,40,90,80,30.0,40.0,90.0,80.0,161,74,73,123.89511693363868
2,10,120,40,70,10.0,120.0,40.0,70.0,174,95,101,106.57391800998967
3,0,170,10,60,0.0,170.0,10.0,60.0,108,77,164,36.78314831549904
