well,R_volume_ml,Y_volume_ml,B_volume_ml,Water_volume_ml,R,Y,B,Water,measured_R,measured_G,measured_B,output
1,0.03,0.04,0.09,0.08,30.0,40.0,90.0,80.0,154.0520452885318,194.3173849525201,204.4483199415632,36.177992910250325
2,0.01,0.12,0.04,0.07,10.0,120.0,40.0,70.0,183.4563550036523,185.09386413440467,173.5126004382761,46.40662217082796
3,0.08,0.05,0.03,0.08,80.0,50.0,30.0,80.0,159.5063915266618,195.4072315558802,205.71329437545654,40.0380361615534
4,0.22,0.01,0.01,0.0,220.0,10.0,10.0,0.0,148.35390796201608,182.20471146822499,193.14956172388605,18.723441602236804
5,0.06,0.01,0.07,0.1,60.0,10.0,70.0,100.0,165.56154127100072,201.30533235938643,212.3981008035062,50.755591302098594
