well,R_volume_ml,Y_volume_ml,B_volume_ml,Water_volume_ml,R,Y,B,Water,measured_R,measured_G,measured_B,measured_alpha,output
1,0.125,0.16666666666666666,0.375,0.3333333333333333,30.0,40.0,90.0,80.0,161,74,73,80,80.06872048434394
2,0.041666666666666664,0.5,0.16666666666666666,0.2916666666666667,10.0,120.0,40.0,70.0,111,88,87,36,100.15488006083378
3,0.3333333333333333,0.20833333333333334,0.125,0.3333333333333333,80.0,50.0,30.0,80.0,166,154,139,32,109.35264057168442
4,0.9166666666666666,0.041666666666666664,0.041666666666666664,0.0,220.0,10.0,10.0,0.0,155,114,74,17,114.54693361238441
5,0.25,0.041666666666666664,0.2916666666666667,0.4166666666666667,60.0,10.0,70.0,100.0,91,87,99,139,58.36951259004995
