well,R_volume_ml,Y_volume_ml,B_volume_ml,Water_volume_ml,R,Y,B,Water,measured_R,measured_G,measured_B,output
1,0.03,0.04,0.09,0.08,30.0,40.0,90.0,80.0,161,74,73,129.634100452003
2,0.01,0.12,0.04,0.07,10.0,120.0,40.0,70.0,174,95,101,109.7679370308106
3,0.08,0.05,0.03,0.08,80.0,50.0,30.0,80.0,108,77,164,70.21395872616783
4,0.22,0.01,0.01,0.0,220.0,10.0,10.0,0.0,93,146,164,5.830951894845301
5,0.06,0.01,0.07,0.1,60.0,10.0,70.0,100.0,149,71,145,92.89779329994873
