well,R_volume_ml,Y_volume_ml,B_volume_ml,Water_volume_ml,R,Y,B,Water,measured_R,measured_G,measured_B,output
1,0.03,0.04,0.09,0.08,30.0,40.0,90.0,80.0,161,74,73,123.89511693363868
2,0.01,0.12,0.04,0.07,10.0,120.0,40.0,70.0,174,95,101,106.57391800998967
3,0.0,0.17,0.01,0.06,0.0,170.0,10.0,60.0,108,77,164,36.78314831549904
