well,R_volume_ml,Y_volume_ml,B_volume_ml,Water_volume_ml,R,Y,B,Water,measured_R,measured_G,measured_B,output
1,0.03,0.04,0.09,0.08,30.0,40.0,90.0,80.0,168.5298,188.5365,185.4555,2.207942209388638
2,0.01,0.12,0.04,0.07,10.0,120.0,40.0,70.0,196.5676,215.8525,212.7276,47.42292666348209
3,0.08,0.05,0.03,0.08,80.0,50.0,30.0,80.0,204.3194,224.9518,221.2138,62.00037403709755
4,0.22,0.01,0.01,0.0,220.0,10.0,10.0,0.0,204.5503,225.0568,220.7297,61.92977404496162
5,0.06,0.01,0.07,0.1,60.0,10.0,70.0,100.0,204.2702,224.8863,221.2967,61.98018627948773
