well,R_volume_ml,Y_volume_ml,B_volume_ml,Water_volume_ml,R,Y,B,Water,measured_R,measured_G,measured_B,output
1,0.125,0.16666666666666666,0.375,0.3333333333333333,30.0,40.0,90.0,80.0,161,74,73,61.644140029689765
2,0.041666666666666664,0.5,0.16666666666666666,0.2916666666666667,10.0,120.0,40.0,70.0,174,95,101,31.080540535840107
3,0.3333333333333333,0.20833333333333334,0.125,0.3333333333333333,80.0,50.0,30.0,80.0,108,77,164,103.00970828033637
4,0.9166666666666666,0.041666666666666664,0.041666666666666664,0.0,220.0,10.0,10.0,0.0,93,146,164,104.1393297462587
5,0.25,0.041666666666666664,0.2916666666666667,0.4166666666666667,60.0,10.0,70.0,100.0,149,71,145,73.92563831310488
