target_volume_mL,mean,std,count,cv_percent
0.2,0.19899999999999807,0.009899494936608692,2,4.9746205711601945
