target_volume_ml,n,mean_mass_g,std_mass_g,cv_percent,mean_error_percent
0.1,2,0.099,0.0014142135623730963,1.4284985478516123,-1.0000000000000009
