target_volume_ml,n,mean_mass_g,std_mass_g,cv_percent,mean_error_percent
0.25,2,0.249,0.0028284271247461927,1.135914507930198,-0.40000000000000036
