target_volume_ml,n,median_mass_g,std_mass_g,run
0.2,2,0.199,0.009899494936611665,volume_validation_dispenser_20260130_124518
0.1,2,0.099,0.0014142135623730963,volume_validation_dispenser_20260130_140415
0.15,2,0.148,0.0,volume_validation_dispenser_20260130_135316
0.25,2,0.249,0.0028284271247461927,volume_validation_dispenser_20260130_141152
