target_volume_ml,n,median_mass_g,std_mass_g
0.1,2,0.099,0.0014142135623730963
0.15,2,0.148,0.0
0.2,2,0.199,0.009899494936611665
0.25,2,0.249,0.0028284271247461927
