target_time_s,mean_mass_g,std_mass_g,n
0.25,0.101,0.011633285577743435,4
0.75,0.28125,0.011701139545645386,4
1.25,0.48124999999999996,0.004272001872658769,4
