dataset,method,composition_regime,mean_measurement_norm_std,mean_process_norm_std,median_process_over_measurement
Automated 5:2:2,automated,5:2:2,0.010345930301187236,0.04961648159270696,4.773871889717103
Manual 7:1:1,manual pipette,7:1:1,0.0014063300518430979,0.019434898266060305,14.334363876278083
Automated 6:2:1,automated,6:2:1,0.0020044766138828506,0.02925569430228862,17.799919736260804
Automated 7:1:1 primary,automated,7:1:1,0.0019743268370678944,0.030933583952180217,18.36867174916619
No-priming 7:1:1,"automated, no priming",7:1:1,0.00258885623785453,0.04501777501775776,19.282149060704917
