color_space,channel,f_stat,p_value
RGB,R,234.18245510826884,9.64540043131076e-16
RGB,G,71.3553090197097,7.371806994419535e-11
RGB,B,31.542823408308948,8.873079598966496e-08
LAB,L,22.97065723854302,1.0944810974967956e-06
LAB,A,292.69499113182513,1.0987581761718983e-16
LAB,B,132.89923311721685,2.2380552198350778e-13
HSV,H,1797.1526495033302,1.7564839613092906e-24
HSV,S,19.383803266821765,3.9048656067112574e-06
HSV,V,47.7043959480138,2.6789014334080833e-09
