target_time_s,mean_mass_g,std_mass_g,n
0.05,0.021,0.002160246899469287,4
0.5,0.1765,0.0187349939951952,4
1.0,0.38375,0.020613506898794935,4
