well,R_volume_ml,Y_volume_ml,B_volume_ml,Water_volume_ml,measured_L,measured_A,measured_B,output
1,0.8,0.05,0.15,0.0,27.77,49.53,-29.14,68.09101030261029
2,0.15,0.4,0.45,0.0,59.59,-52.73,25.66,56.55470052850576
3,0.0,0.5,0.5,0.0,70.9,-64.79,40.74,78.67907951030745
4,0.65,0.35,0.0,0.0,60.62,62.86,39.17,93.8882262421761
5,0.0,0.8,0.2,0.0,81.35,-79.33,73.84,113.94674631147315
Target,,,,,33.09019607843137,-14.44972222222222,-6.44083333333333,
