target_volume_ml,mean_vol_ml,std_vol_ml,n,cv_percent
0.15,0.13733333333333334,0.017925772879665004,3,13.052747242474517
