target_time_s,mean_mass_g,std_mass_g,n
0.05,0.025,0.002828427124746191,4
0.25,0.09875,0.006601767440112785,4
0.5,0.1845,0.03173326330524486,4
0.75,0.28125,0.007365459931328092,4
1.0,0.38025,0.06154876115731332,4
1.25,0.47724999999999995,0.006448514040717707,4
