well,R_volume_ml,Y_volume_ml,B_volume_ml,Water_volume_ml,measured_L,measured_A,measured_B,output
1,1.0,0.0,0.0,0.0,28.61,116.32,68.43,214.54898953484778
2,0.0,1.0,0.0,0.0,98.69,-74.92,-93.09,141.10513305843406
3,0.0,0.0,1.0,0.0,90.84,-110.5,-108.79,154.93374777423134
4,0.5,0.5,0.0,0.0,54.35,-105.2,-30.49,76.23596493546475
5,0.5,0.0,0.5,0.0,66.86,-18.56,-116.79,176.7534911996757
Target,,,,,68.20813742700041,-93.06496917633763,43.48755651210658,
