well,R_volume_ml,Y_volume_ml,B_volume_ml,Water_volume_ml,measured_L,measured_A,measured_B,output
1,0.05,0.1,0.3,0.55,69.49,-33.84,-17.73,33.15543155021217
2,0.75,0.2,0.05,0.0,47.15,64.1,21.37,98.52973665376638
3,0.2,0.2,0.05,0.55,75.49,0.69,16.5,46.46640513752765
4,0.1,0.2,0.5,0.2,66.23,-30.33,-18.81,31.81460835418155
5,0.1,0.5,0.05,0.35,78.31,-24.83,55.33,60.351476015896644
Target,,,,,45.62342047930283,-33.09027777777777,5.273888888888877,
