color_space,channel,f_stat,p_value
RGB,R,3.605120340153351,0.03135863979745629
RGB,G,135.69215050249974,1.8365959992751993e-13
RGB,B,74.19296222861647,5.164960928593296e-11
LAB,L,37.89039699674026,1.9336627080730363e-08
LAB,A,56.04854833654233,6.478913967948709e-10
LAB,B,101.19663461233638,2.9242159848396906e-12
HSV,H,78.64562690611612,3.028202974494713e-11
HSV,S,13.773447167716082,4.226923360147841e-05
HSV,V,14.49463666482568,3.009799025260328e-05
