target_volume_ml,mean_vol_ml,std_vol_ml,n,cv_percent
0.1,0.093,0.02262741699796952,2,24.330555911795184
0.15,0.1365,0.0077781745930520195,2,5.698296405166314
0.2,0.20400000000000001,0.02262741699796953,2,11.091871077436045
0.25,0.251,0.04808326112068523,2,19.15667773732479
