color_space,channel,f_stat,p_value
RGB,R,128.56253106284373,3.0664992345239457e-13
RGB,G,109.39677685657682,1.4083275515288605e-12
RGB,B,58.7430620891848,4.263469425927318e-10
LAB,L,52.15968803355402,1.2245319786447362e-09
LAB,A,216.7164893809289,2.045634080092908e-15
LAB,B,184.02963416997952,9.928162293722315e-15
HSV,H,1405.1572318748133,2.035006858999687e-23
HSV,S,27.303205421112683,2.842316598789526e-07
HSV,V,57.07351397861863,5.514064762043704e-10
