well,R_volume_ml,Y_volume_ml,B_volume_ml,Water_volume_ml,measured_H,measured_S,measured_V,output
1,0.8,0.05,0.15,0.0,267.62,67.87,54.87,7.076374257840654
2,0.15,0.4,0.45,0.0,164.38,99.91,65.69,5.946018775385733
3,0.0,0.5,0.5,0.0,161.63,99.74,76.43,8.087151186658492
4,0.65,0.35,0.0,0.0,0.43,56.07,99.88,15.263283949257504
5,0.0,0.8,0.2,0.0,135.69,99.81,91.74,11.149177223877146
Target,,,,,185.8054962158203,97.79292297363281,36.041500091552734,
