color_space,channel,f_stat,p_value
RGB,R,266.73018886287576,2.7195817957771587e-16
RGB,G,209.84455770084267,2.7947032701138745e-15
RGB,B,78.08142470701087,3.235126602239591e-11
LAB,L,51.251950872166,1.4292762485413568e-09
LAB,A,387.6454032393794,7.007143908263799e-18
LAB,B,185.21128149995053,9.334365314189004e-15
HSV,H,1890.530843089461,1.0604375310269602e-24
HSV,S,40.76942561864401,1.0387804809675744e-08
HSV,V,51.258694349082674,1.4276229212193669e-09
