color_space,channel,f_stat,p_value
RGB,R,8.956284442727048,0.0005792959867425935
RGB,G,213.05917750434315,2.412236734152133e-15
RGB,B,66.58131374937244,1.3822644605572863e-10
LAB,L,85.85711016901551,1.3491446277436598e-11
LAB,A,92.85304260392697,6.5248227312358004e-12
LAB,B,92.5624419293209,6.7178074102295025e-12
HSV,H,754.7253932073236,9.76082421037054e-21
HSV,S,4.748449590369072,0.011683639018220844
HSV,V,42.0924667788056,7.905238682341959e-09
