channel,R2_v_R,R2_v_Y,R2_v_B,R2_aggregate
RGB_R,0.3662819157740802,0.1354702970677597,0.9472645917516194,0.966011203062306
RGB_G,0.933560294300646,0.23586073686687825,0.2309324187200208,0.9335689665916967
RGB_B,0.28790359276738564,0.15461054719317346,0.864475901340171,0.8713266942004868
LAB_L,0.7657099794083955,0.4933939499062244,0.029800596165438287,0.8592696836533719
LAB_A,0.8760382975894921,0.038288537183494675,0.5480361036239692,0.9749086255979705
LAB_B,0.14243632961844988,0.34835884320255694,0.9363014242514498,0.9513977313816377
HSV_H,0.4330258415378183,0.07906475969155202,0.8821559149318013,0.9294976774407812
HSV_S,0.2257307804849945,0.08771304770486976,0.5948654671385267,0.6055395302189274
HSV_V,0.4805070296204017,0.0160605077227699,0.6722625783666895,0.7792200771399078
