well,R_volume_ml,Y_volume_ml,B_volume_ml,Water_volume_ml,measured_L,measured_A,measured_B,output
1,0.3,0.0,0.7,0.0,54.04,6.04,-56.82,29.473749046879156
2,0.5,0.25,0.25,0.0,40.52,14.63,-24.14,28.079410050468226
3,0.5,0.2,0.3,0.0,38.18,14.19,-38.85,27.503119956229977
4,0.1,0.1,0.8,0.0,66.1,-13.62,-43.01,20.45867417875123
5,0.3,0.05,0.65,0.0,49.96,4.41,-52.1,24.22578538824674
6,0.1,0.05,0.85,0.0,64.84,-9.9,-46.54,21.193215285974702
7,0.35,0.15,0.5,0.0,48.98,1.6,-48.36,19.508442859992996
8,0.35,0.1,0.55,0.0,43.76,8.31,-52.03,27.129805565682048
Target,,,,,48.33409586056645,-10.750833333333333,-33.27194444444444,
