channel,channel_type,coef_v_R,coef_v_Y,coef_v_B
RGB_R,raw,0.4212276711250454,0.1990211668531281,-0.6202488379781737
RGB_G,raw,-0.5945958294565633,0.38428809648341894,0.2103077329731446
RGB_B,raw,-0.5410593595212211,0.13142046516189432,0.40963889435932677
LAB_L,raw,-0.5039929820854774,0.4731329804977144,0.030860001587763038
LAB_A,raw,0.6405100778441334,-0.22409973492463398,-0.4164103429194995
LAB_B,raw,0.4637152551571172,0.10139844078723531,-0.5651136959443525
HSV_H,raw,-0.41420610416240006,-0.16489246123613513,0.5790985653985352
HSV_S,raw,0.45633679928785237,-0.2694711460947286,-0.18686565319312387
HSV_V,raw,0.5258871782267395,0.007338717379995807,-0.5332258956067355
