channel,channel_type,R2_v_R,R2_v_Y,R2_v_B,R2_aggregate
RGB_R,raw,0.3992236895732162,0.08912120592505679,0.8655943972798679,0.9026261951854271
RGB_G,raw,0.7954744509160614,0.33227401747241103,0.09951602073368249,0.8181763260814369
RGB_B,raw,0.658676768682406,0.03886051199257945,0.37755905348684604,0.716730889441221
LAB_L,raw,0.5715200834806771,0.5036733387779637,0.0021427643204926516,0.7182241243860894
LAB_A,raw,0.9230696095947695,0.11299655518490515,0.390144540803254,0.9508071370552855
LAB_B,raw,0.4838216351972179,0.023133698536685787,0.7185453510237438,0.8170004565050982
HSV_H,raw,0.38602506763213384,0.061176428488148304,0.7545490840049432,0.8011670534168169
HSV_S,raw,0.46854736736463365,0.16338307179961453,0.07856723777240882,0.47366511795777155
HSV_V,raw,0.6222539795023849,0.00012117773876285654,0.6397421754276111,0.841411555112506
