channel,channel_type,norm_std,coef_v_R,coef_v_Y,coef_v_B,max_abs_coef
HSV_H,raw,0.025471874999999998,-0.41420610416240006,-0.16489246123613513,0.5790985653985352,0.5790985653985352
HSV_S,raw,0.002129166666666667,0.45633679928785237,-0.2694711460947286,-0.18686565319312387,0.45633679928785237
HSV_V,raw,0.0014083333333333335,0.5258871782267395,0.007338717379995807,-0.5332258956067355,0.5332258956067355
LAB_A,raw,0.0011263071895424837,0.6405100778441334,-0.22409973492463398,-0.4164103429194995,0.6405100778441334
LAB_B,raw,0.0007928104575163398,0.4637152551571172,0.10139844078723531,-0.5651136959443525,0.5651136959443525
LAB_L,raw,0.0005670833333333333,-0.5039929820854774,0.4731329804977144,0.030860001587763038,0.5039929820854774
RGB_B,raw,0.0031589869281045753,-0.5410593595212211,0.13142046516189432,0.40963889435932677,0.5410593595212211
RGB_G,raw,0.001989705882352941,-0.5945958294565633,0.38428809648341894,0.2103077329731446,0.5945958294565633
RGB_R,raw,0.0062882352941176466,0.4212276711250454,0.1990211668531281,-0.6202488379781737,0.6202488379781737
