target_volume_ml,mean,std,count,cv_percent,mean_pct_error
0.1,0.09750000000000014,0.0021213203435647473,2,2.1757131728869172,-2.499999999999863
