color_space,channel,f_stat,p_value
RGB,R,158.33304279327567,4.210626125023615e-14
RGB,G,215.09998629666646,2.1995083026278085e-15
RGB,B,98.16207298125704,3.886585659618836e-12
LAB,L,49.189734207043315,2.0494110444588356e-09
LAB,A,489.9262153085025,6.992523264742561e-19
LAB,B,193.62770670760398,6.080585522043718e-15
HSV,H,310.1720023695295,6.233463994721782e-17
HSV,S,152.3883639878171,6.07287909097751e-14
HSV,V,135.86418731204165,1.8145967419633606e-13
