target_volume_ml,mean_vol_ml,std_vol_ml,n,cv_percent
0.1,0.114,0.01979898987322333,2,17.367534976511692
0.15,0.139,0.002828427124746163,2,2.034839658090765
0.2,0.2015,0.047376154339498655,2,23.51173912630206
0.25,0.2235,0.012020815280171319,2,5.378440841239963
