target_volume_ml,mean_vol_ml,std_vol_ml,n,cv_percent
0.1,0.10900000000000001,0.011313708498984765,2,10.379549081637398
0.15,0.1465,0.0021213203435596446,2,1.448000234511703
0.2,0.178,0.014142135623730954,2,7.945020013331996
0.25,0.252,0.03394112549695428,2,13.468700594029476
