target_time_s,mean_mass_g,std_mass_g,n
0.05,0.026000000000000002,0.006055300708194984,4
0.25,0.101,0.011633285577743435,4
0.5,0.177,0.01169045194450012,4
0.75,0.28125,0.011701139545645386,4
1.0,0.3795,0.012396235987858046,4
1.25,0.48124999999999996,0.004272001872658769,4
