channel,channel_type,coef_v_R,coef_v_Y,coef_v_B
RGB_R,raw,0.16593662858437097,0.18880611451499618,-0.35474274309936715
RGB_G,raw,-0.632805788826975,0.21063823389621394,0.4221675549307612
RGB_B,raw,-0.1035153706926723,-0.47599887607741054,0.579514246770083
LAB_L,raw,-0.5662352814422349,0.1751993720929757,0.39103590934925936
LAB_A,raw,0.6172729864904561,-0.2568888442855823,-0.36038414220487397
LAB_B,raw,-0.19351072124087346,0.626038632118792,-0.4325279108779187
HSV_H,raw,0.49303241607453446,-0.45328822254310647,-0.039744193531427954
HSV_S,raw,-0.00117518912241659,0.40650631165190604,-0.4053311225294895
HSV_V,raw,-0.11855489700465195,-0.09676040108344014,0.21531529808809213
