channel,channel_type,R2_v_R,R2_v_Y,R2_v_B,R2_aggregate
RGB_R,raw,0.06195367058838164,0.08020743497606209,0.283145431008743,0.28353769104879123
RGB_G,raw,0.9009971243390924,0.09982904755256117,0.4010072499814885,0.9345556145820948
RGB_B,raw,0.02410972193169303,0.5097935925606558,0.7556327149713673,0.8596906863091441
LAB_L,raw,0.721400386387425,0.0690633449589888,0.34404543540135457,0.7563394444985125
LAB_A,raw,0.8573083646644049,0.14848172621635947,0.29222264239367124,0.865341822182957
LAB_B,raw,0.08425439827911685,0.8818298300366282,0.4209308857989372,0.9246767427431215
HSV_H,raw,0.5469321674256584,0.46230797856664985,0.0035541020687931413,0.6751961653740675
HSV_S,raw,3.1074063153724296e-06,0.371806608178882,0.3696599675047857,0.4943131220599887
HSV_V,raw,0.0316243431085127,0.021065794240113456,0.10431152457921855,0.10466777461856369
