channel,channel_type,norm_std,coef_v_R,coef_v_Y,coef_v_B,max_abs_coef
HSV_H,raw,0.002716898148148148,0.49303241607453446,-0.45328822254310647,-0.039744193531427954,0.49303241607453446
HSV_S,raw,0.013103333333333333,-0.00117518912241659,0.40650631165190604,-0.4053311225294895,0.40650631165190604
HSV_V,raw,0.014773749999999999,-0.11855489700465195,-0.09676040108344014,0.21531529808809213,0.21531529808809213
LAB_A,raw,0.0026972222222222224,0.6172729864904561,-0.2568888442855823,-0.36038414220487397,0.6172729864904561
LAB_B,raw,0.002965032679738562,-0.19351072124087346,0.626038632118792,-0.4325279108779187,0.626038632118792
LAB_L,raw,0.01648625,-0.5662352814422349,0.1751993720929757,0.39103590934925936,0.5662352814422349
RGB_B,raw,0.012362745098039215,-0.1035153706926723,-0.47599887607741054,0.579514246770083,0.579514246770083
RGB_G,raw,0.014202450980392156,-0.632805788826975,0.21063823389621394,0.4221675549307612,0.632805788826975
RGB_R,raw,0.013806045751633987,0.16593662858437097,0.18880611451499618,-0.35474274309936715,0.35474274309936715
