target_volume_ml,mean_vol_ml,std_vol_ml,n,cv_percent
0.05,0.062,0.0028284271247461927,2,4.561979233461601
0.3,0.2945,0.006363961030678933,2,2.1609375316397057
0.35,0.3425,0.0021213203435595856,2,0.619363603959003
