color_space,channel,f_stat,p_value
RGB,R,47.29077104239952,2.890098962884906e-09
RGB,G,94.34652174862664,5.624540677457672e-12
RGB,B,83.64218293738409,1.7175729202177155e-11
LAB,L,42.61211452653047,7.115414158892647e-09
LAB,A,152.63611549059053,5.979274680901749e-14
LAB,B,81.93257978903343,2.077859960521821e-11
HSV,H,4.983906706780734,0.009635261887448749
HSV,S,51.55357327124462,1.3573431159339197e-09
HSV,V,19.193880262492577,4.1966218205949345e-06
