color_space,channel,f_stat,p_value
RGB,R,251.55847136294682,4.810194530626405e-16
RGB,G,9.42197185056164,0.00043581428577765504
RGB,B,3.324906826866487,0.04049564721312341
LAB,L,120.4703722521287,5.6751461731797e-13
LAB,A,55.06941838444367,7.5765519179136e-10
LAB,B,195.34906228682615,5.5826291523080144e-15
HSV,H,3.331697815650385,0.04024279663739613
HSV,S,113.97242357453588,9.577034586566095e-13
HSV,V,251.6284216891733,4.797199253438591e-16
