target_volume_ml,n,mean_mass_g,std_mass_g,cv_percent,mean_error_percent
0.1,4,0.09375,0.0032015621187164263,3.4149995932975212,-6.250000000000005
0.15,4,0.10500000000000001,0.026495282598983545,25.233602475222423,-29.999999999999993
0.2,3,0.12666666666666668,0.010016652800877816,7.9078837901666965,-36.666666666666664
