target_volume_ml,n,mean_mass_g,std_mass_g,cv_percent,mean_error_percent
0.15,4,0.10500000000000001,0.02649528259898355,25.233602475222426,-29.999999999999993
