color_space,channel,f_stat,p_value
RGB,R,68.91707740669703,1.0112729631969424e-10
RGB,G,8.10680611023069,0.0009945092600657534
RGB,B,1.289130694270666,0.3054154174001051
LAB,L,4.565123799837299,0.013608311713347766
LAB,A,50.09877328271773,1.7455871162418213e-09
LAB,B,5.2990073180648505,0.007483907793231086
HSV,H,1.0963007141062917,0.3737125007698823
HSV,S,2.317251530475803,0.10643744878553095
HSV,V,21.098942958961505,2.0831709109028896e-06
