color_space,channel,f_stat,p_value
RGB,R,465.42945688578055,1.159298336411909e-18
RGB,G,43.20373533079552,6.320220864079742e-09
RGB,B,25.29694515651571,5.1888323242297e-07
LAB,L,73.27667929692848,5.7857469767114596e-11
LAB,A,205.5726661954027,3.4100066368180055e-15
LAB,B,94.1363817621006,5.7425170595360305e-12
HSV,H,541.8304867849417,2.5890997786918466e-19
HSV,S,22.424022345474533,1.3152406478926875e-06
HSV,V,104.2414687510464,2.2154767401694454e-12
