color_space,channel,f_stat,p_value
RGB,R,89.69233457051854,9.000658531149126e-12
RGB,G,75.50651248148407,4.399109294156772e-11
RGB,B,81.72774761497385,2.1263334397098653e-11
LAB,L,53.20960973502172,1.0270197322654007e-09
LAB,A,156.62099079399889,4.672593932133335e-14
LAB,B,130.55512835886725,2.650113914282465e-13
HSV,H,32.07098595529964,7.744826928206437e-08
HSV,S,53.5815716089436,9.656819524208608e-10
HSV,V,39.50360553873392,1.3586702737452431e-08
