color_space,channel,f_stat,p_value
RGB,R,13.33054325618879,5.237473676859617e-05
RGB,G,24.19039852508277,7.349369717278058e-07
RGB,B,11.396078638177434,0.00014144691448781567
LAB,L,10.519979658622871,0.0002295297365767786
LAB,A,106.15769694034029,1.8676067867627427e-12
LAB,B,10.006068954205258,0.00030831322993684723
HSV,H,61.781167952560246,2.713763238185011e-10
HSV,S,22.23551744637455,1.4023781398791517e-06
HSV,V,3.2171214845609413,0.04474825134625057
