color_space,channel,f_stat,p_value
RGB,R,333.25370601121625,3.087640269679423e-17
RGB,G,54.41552826355173,8.422922296624512e-10
RGB,B,1.9924955527254185,0.14755977877996784
LAB,L,36.726637260474526,2.5141992686409198e-08
LAB,A,227.55630445382238,1.2744342324352362e-15
LAB,B,47.14493819716902,2.9688751133265826e-09
HSV,H,597.8520839613017,9.795340501981493e-20
HSV,S,1.888165159455601,0.16412104258554722
HSV,V,89.55335681175724,9.1310672411177e-12
